http_id,activity_id,url,url_content_hash
a59b46dd-62b0-4f62-8744-4cfe2fc56f0f,3db5736b-f152-44ca-a5b2-19fbbe3f1dee,http://msn.com/The_Human_Centipede_First_Sequence/katsuro/arjf309875127.htm,28264a9261bd648fc2ccaf9f8ade899e
c79bf883-f09c-4774-92ab-a41ca7da46fc,01eebfec-6b6b-4036-822b-373a51b8b206,http://urbanspoon.com/Plunketts_Creek_Loyalsock_Creek/loyalsock/ivqrbtnzrferprvivatpbbxvatfnsrgltbfcryzhfvp69774532.jsp,ab9864a4dfdafd2d07ea08d77c6d9884
67c0b49d-83d2-4c98-9d8e-444970608405,6a5e0882-9662-49cb-a7e0-3989670b9b05,http://aa.com/Rhodocene/rhodocenium/fhaavatqrfxgbcrkrphgvir1766627142.html,35c191250d584b71c8c50baa431f1e42
f3968afa-b8b6-42bf-b120-bd842f11d489,a4bce624-8cf4-4919-9f50-03025c6547c6,http://groupon.com/Leonhard_Euler/leonhard/tneqravafrpgfsvfuvatobng292602446.php,a54139dd51a746d786d45c4f2c93dc54
8c0f3da4-08c1-4317-8675-7825302c3a58,26311e03-c49d-484f-b459-84654556205b,http://flickr.com/Inauguration_of_Barack_Obama/biden/cvyngrfbcgvpfbcraebnqqrrcfrnsvfuvat1956596319.jsp,6203f34aee5fab0751795f2caea1a157
7bf37f99-97e1-4239-a177-d302d7553d05,e969fc86-1266-4e66-afec-999dfb867134,http://skype.com/William_D_Boyce/lsa/onpxcnpxpurzvfgelivfhnyfghqvbebfrtneqravat1659331077.jsp,2e1417b860d2d577b0971e5dc7078231
7520cdc9-4a86-48e3-a037-d6f4a083025a,46746015-6335-4b7d-b171-0ac2bb39bcad,http://wikipedia.org/Maya_MIA_album/rusko/objuhagvatpynffvpnyzhfvppnaavatirtrgnoyrfgeniry830018872.jsp,5777373fa84d85ae1d084d351abbef67
8dd91670-c488-4dc6-8910-dca848f85627,ac94b711-f189-4958-a619-b696283d41c3,http://constantcontact.com/2008_ACC_Championship_Game/herzlich/onxrjnersvfuvatobngfrysurycserfujngresvfuvat628177942.aspx,64cf291c407ef01a8cb209e85dec9023
ef0e8a7e-32a7-40ad-977e-9ed35db10d31,021dee57-40e0-4cec-84ed-25aedfe00aa7,http://tribalfusion.com/Abbey_Theatre/classon/pheevphyhzanghergenvyfivqrbtnzrf779057038.html,3ab50843a17c5259b59a7c6c1b7c030b
0c80d216-6def-4127-8a9f-163a3819f974,38409b73-4d17-4043-8b1d-5a179120af05,http://pcworld.com/Alexandre_Banza/bokassa/bcgvzvmngvbageniryfhaavatpevoontrpneqtnzr494829086.php,2f9d7097d5753b968d951ced4eee0e6c
cb6f77d4-4007-4819-81e3-147a2e368685,1d9e4447-a2ed-471f-8537-bded89f65034,http://edmunds.com/RomanPersian_Wars/parthian/qngnonfrpbbxvat1195322042.jsp,477dd66d810b8eb5cb78a64cb0840e4e
39ef2f6e-0658-4bd6-9312-28fe50987dc0,9d6dd2eb-879a-43ca-aa49-aa87f04928b4,http://gap.com/Akhtar_Hameed_Khan/orangi/tnzoyvatpneqtnzrfobngsraqreirttvatbhg1143870239.php,b77df399afad496f607cee909c9ddf6f
63400c16-d46c-4c7d-acb3-ac3a880ffce3,e9019459-39bc-4b17-9cd4-05c63e0f84e5,http://files.wordpress.com/Star/starspots/ovyyvneqfgevpxfubgfgenirysbkuhagvatugzy1277956163.aspx,a524dd425b257bc15424214f75c33737
64c642dd-20f6-4166-80da-3ee2e2a4466b,b796298b-ae68-4edb-a5da-1b3672be421e,http://wikipedia.org/Maya_MIA_album/rusko/objuhagvatpynffvpnyzhfvppnaavatirtrgnoyrfgeniry830018872.jsp,5777373fa84d85ae1d084d351abbef67
c3c1af36-bd03-4e45-88d8-2c176bd928ba,c3d773f7-bdae-40d0-aad4-4bb00a72ee86,http://sfgate.com/Sweet_Track/westhay/guebhtuchgrkcrevzragfhcreobjyjrofhesvat192290683.htm,e6fb001c0036d0c92219b2d1560f1542
3012c43c-ef77-4b61-bebe-dc9b712404d0,ec9cd362-0e38-4f3c-9674-e2068fabebc0,http://sfgate.com/Sweet_Track/westhay/guebhtuchgrkcrevzragfhcreobjyjrofhesvat192290683.htm,e6fb001c0036d0c92219b2d1560f1542
314ce46c-352d-4593-8b24-0e4755719d69,c377fbc7-5a95-448f-b6a0-7533e01cda12,http://sfgate.com/Sweet_Track/westhay/guebhtuchgrkcrevzragfhcreobjyjrofhesvat192290683.htm,e6fb001c0036d0c92219b2d1560f1542
bb3b11df-06ca-4825-827a-b4c6cd1d163d,10e1e8b6-fa7e-4020-9f5f-b9eeea42bd1c,http://m-w.com/M28_Business_IshpemingNegaunee_Michigan/ishpeming/fhcreobjy403396541.asp,2544eaea80142d3c0219229725acd69c
6fd9ca27-2027-4e14-bf2a-286843294336,9b56be9f-f86f-4064-a038-9cbdbd7e60c8,http://amazonaws.com/Congregation_Baith_Israel_Anshei_Emes/goldfarbs/obngvatehyrffpvraprfhcreobjy222502931.html,da29a2ddb95c16900ca925d68c01e64d
707e8c18-d944-499e-879f-7a4bb3451a5d,affb848e-a9dc-468a-8243-41205389a483,http://yfrog.com/Saffron/saffron/fhccbegfhcreobjy789727225.aspx,ceab000ab9aeef292c60be9c5826e9e0
9451c184-a135-478e-acc8-a8f65b55434f,799291d6-670f-44a3-baa9-904e992d856b,http://sfgate.com/Sweet_Track/westhay/guebhtuchgrkcrevzragfhcreobjyjrofhesvat192290683.htm,e6fb001c0036d0c92219b2d1560f1542
c05a73cf-9ae9-4f17-8c1c-9e0848ae90f1,5f841008-f160-4679-b5ca-2e3dda92f013,http://yfrog.com/Saffron/saffron/fhccbegfhcreobjy789727225.aspx,ceab000ab9aeef292c60be9c5826e9e0
5e636bfd-1262-4e55-b95f-54eefd7d6df6,71eb37d7-96a5-488c-8bce-680a4da82661,http://cbslocal.com/Frank_Klepacki/kyrandia/cnlebyypbzchgrenvqrqznahsnpghevatfhcreobjybofreir1787195557.jsp,fd2d296fde1d378aa194c17f4aa68dc6
